{
  "normalisation_constant": 184.00775146484375,
  "video_angle": "middle",
  "winner": "right",
  "reason": "Right has right-of-way (only left paused at 0.07s)",
  "left_pauses": [
    {
      "start_frame": 1,
      "end_frame": 4,
      "start_time": 0.06666666666666667,
      "end_time": 0.26666666666666666,
      "duration": 0.2
    },
    {
      "start_frame": 9,
      "end_frame": 16,
      "start_time": 0.6,
      "end_time": 1.0666666666666667,
      "duration": 0.4666666666666667
    },
    {
      "start_frame": 26,
      "end_frame": 32,
      "start_time": 1.7333333333333334,
      "end_time": 2.1333333333333333,
      "duration": 0.4
    }
  ],
  "right_pauses": [
    {
      "start_frame": 3,
      "end_frame": 9,
      "start_time": 0.2,
      "end_time": 0.6,
      "duration": 0.4
    },
    {
      "start_frame": 15,
      "end_frame": 21,
      "start_time": 1.0,
      "end_time": 1.4,
      "duration": 0.4
    }
  ],
  "blade_analysis": "left",
  "blade_details": {
    "analysis_window": "frames 13-24",
    "contact_frame": 21,
    "left_variance_x": 0.01102833537148426,
    "left_variance_y": 0.0014205323352969403,
    "left_variance_total": 0.0124488677067812,
    "right_variance_x": 0.003441905095162702,
    "right_variance_y": 0.0016002779261051032,
    "right_variance_total": 0.005042183021267805,
    "samples_left": 12,
    "samples_right": 12,
    "current_right_of_way": "right"
  },
  "speed_comparison": {
    "left_speed": 0.04612439430276949,
    "right_speed": 0.049751151307372836,
    "left_accel": 0.018702075010082295,
    "right_accel": 0.022448170079259897
  },
  "lunge_detected": {
    "left": true,
    "right": true
  }
}