{
  "normalisation_constant": 50.963890075683594,
  "video_angle": "left",
  "winner": "left",
  "reason": "Left has right-of-way (only right paused at 0.07s)",
  "left_pauses": [
    {
      "start_frame": 12,
      "end_frame": 22,
      "start_time": 0.8,
      "end_time": 1.4666666666666666,
      "duration": 0.6666666666666666
    }
  ],
  "right_pauses": [
    {
      "start_frame": 1,
      "end_frame": 16,
      "start_time": 0.06666666666666667,
      "end_time": 1.0666666666666667,
      "duration": 1.0
    }
  ],
  "blade_analysis": "none",
  "blade_details": {},
  "speed_comparison": {
    "left_speed": 0.09755778795245808,
    "right_speed": 0.19046669252114204,
    "left_accel": 0.03773355978375905,
    "right_accel": 0.22794937226960096
  },
  "lunge_detected": {
    "left": false,
    "right": false
  }
}