{
  "normalisation_constant": 174.08883666992188,
  "video_angle": "middle",
  "winner": "left",
  "reason": "Left has right-of-way (only right paused at 0.07s)",
  "left_pauses": [
    {
      "start_frame": 2,
      "end_frame": 6,
      "start_time": 0.13333333333333333,
      "end_time": 0.4,
      "duration": 0.26666666666666666
    }
  ],
  "right_pauses": [
    {
      "start_frame": 1,
      "end_frame": 5,
      "start_time": 0.06666666666666667,
      "end_time": 0.3333333333333333,
      "duration": 0.26666666666666666
    }
  ],
  "blade_analysis": "right",
  "blade_details": {
    "analysis_window": "frames 6-17",
    "contact_frame": 14,
    "left_variance_x": 0.022340197109176535,
    "left_variance_y": 0.004236392840036986,
    "left_variance_total": 0.02657658994921352,
    "right_variance_x": 0.03704859287817661,
    "right_variance_y": 0.0013098213859481706,
    "right_variance_total": 0.038358414264124785,
    "samples_left": 12,
    "samples_right": 12,
    "current_right_of_way": "left"
  },
  "speed_comparison": {
    "left_speed": 0.06529287119871845,
    "right_speed": 0.05365408331336401,
    "left_accel": 0.02751971012310024,
    "right_accel": 0.02931817087933808
  },
  "lunge_detected": {
    "left": true,
    "right": true
  }
}