{
  "normalisation_constant": 112.32875061035156,
  "video_angle": "middle",
  "winner": "right",
  "reason": "Right has right-of-way (pause at 0.53s vs pause at 3.20s)",
  "left_pauses": [
    {
      "start_frame": 2,
      "end_frame": 19,
      "start_time": 0.13333333333333333,
      "end_time": 1.2666666666666666,
      "duration": 1.1333333333333333,
      "is_retreat": false
    },
    {
      "start_frame": 22,
      "end_frame": 25,
      "start_time": 1.4666666666666666,
      "end_time": 1.6666666666666667,
      "duration": 0.2,
      "is_retreat": false
    },
    {
      "start_frame": 29,
      "end_frame": 48,
      "start_time": 1.9333333333333333,
      "end_time": 3.2,
      "duration": 1.2666666666666666,
      "is_retreat": false
    }
  ],
  "right_pauses": [
    {
      "start_frame": 5,
      "end_frame": 8,
      "start_time": 0.3333333333333333,
      "end_time": 0.5333333333333333,
      "duration": 0.2,
      "is_retreat": false
    }
  ],
  "blade_analysis": null,
  "blade_details": null,
  "speed_comparison": null,
  "lunge_detected": {
    "left": [],
    "right": [],
    "latest": null
  },
  "left_arm_extensions": [
    {
      "start_frame": 62,
      "end_frame": 66,
      "start_time": 4.133333333333334,
      "end_time": 4.4,
      "duration": 0.26666666666666666,
      "avg_distance": 0.6823924514725375,
      "avg_angle": 132.9236226455842,
      "effective_start_frame": 66,
      "effective_start_time": 4.4,
      "near_hit": true
    }
  ],
  "right_arm_extensions": [
    {
      "start_frame": 65,
      "end_frame": 66,
      "start_time": 4.333333333333333,
      "end_time": 4.4,
      "duration": 0.06666666666666667,
      "avg_distance": 0.6917380834254472,
      "avg_angle": 152.23814412329432,
      "effective_start_frame": 66,
      "effective_start_time": 4.4,
      "near_hit": true
    }
  ]
}