{
  "status": "success",
  "processing_time_seconds": 5.0415,
  "phrase": {
    "start_time": 0.0,
    "start_frame": 0,
    "simultaneous_hit_time": 5.472,
    "simultaneous_hit_frame": 82,
    "blade_contacts": [
      {
        "time": 3.726,
        "frame": 55
      }
    ],
    "lockout_start": 5.358,
    "declared_winner": null,
    "fps": 15.0
  },
  "artifacts": {
    "excel": "processed_phrases/20251020_213611_phrase56_20251021T023650Z/20251020_213611_phrase56_compressed_keypoints.xlsx",
    "overlay_video": "processed_phrases/20251020_213611_phrase56_20251021T023650Z/20251020_213611_phrase56_compressed_overlay.mp4",
    "video": "processed_phrases/20251020_213611_phrase56_20251021T023650Z/20251020_213611_phrase56_compressed.mp4",
    "signal": "processed_phrases/20251020_213611_phrase56_20251021T023650Z/20251020_213611_phrase56.txt",
    "result_json": "processed_phrases/20251020_213611_phrase56_20251021T023650Z/analysis_result.json"
  },
  "inputs": {
    "video": "processed_phrases/20251020_213611_phrase56_20251021T023650Z/20251020_213611_phrase56_compressed.mp4",
    "signal": "processed_phrases/20251020_213611_phrase56_20251021T023650Z/20251020_213611_phrase56.txt"
  },
  "winner": "right",
  "reason": "Right has right-of-way (pause ended at 1.87s vs 5.53s). Blade contact ignored (too early)",
  "video_angle": "middle",
  "frames_analyzed": 84,
  "normalisation_constant": 145.22572326660156,
  "left_pauses": [
    {
      "start_frame": 9,
      "end_frame": 14,
      "start_time": 0.6,
      "end_time": 0.9333333333333333,
      "duration": 0.3333333333333333
    },
    {
      "start_frame": 16,
      "end_frame": 76,
      "start_time": 1.0666666666666667,
      "end_time": 5.066666666666666,
      "duration": 4.0
    },
    {
      "start_frame": 80,
      "end_frame": 83,
      "start_time": 5.333333333333333,
      "end_time": 5.533333333333333,
      "duration": 0.2
    }
  ],
  "right_pauses": [
    {
      "start_frame": 25,
      "end_frame": 28,
      "start_time": 1.6666666666666667,
      "end_time": 1.8666666666666667,
      "duration": 0.2
    }
  ],
  "blade_analysis": "Blade contact at 3.73s ignored (>1s before last pause)",
  "blade_details": null,
  "speed_comparison": null,
  "natural_language_reason": "The fencer on the left earned right-of-way because their attack began and continued after the opponent's last preparatory movement ended.",
  "artifact_dir": "processed_phrases/20251020_213611_phrase56_20251021T023650Z",
  "wall_time_seconds": 6.6691,
  "lunge_detected": {
    "left": false,
    "right": false
  },
  "left_arm_extensions": [],
  "right_arm_extensions": []
}