{
  "normalisation_constant": 164.73233032226562,
  "video_angle": "middle",
  "winner": "left",
  "reason": "Left has right-of-way (pause at 2.33s vs pause at 3.73s)",
  "left_pauses": [
    {
      "start_frame": 6,
      "end_frame": 10,
      "start_time": 0.4,
      "end_time": 0.6666666666666666,
      "duration": 0.26666666666666666,
      "is_retreat": false
    },
    {
      "start_frame": 23,
      "end_frame": 35,
      "start_time": 1.5333333333333334,
      "end_time": 2.3333333333333335,
      "duration": 0.8,
      "is_retreat": true
    }
  ],
  "right_pauses": [
    {
      "start_frame": 16,
      "end_frame": 19,
      "start_time": 1.0666666666666667,
      "end_time": 1.2666666666666666,
      "duration": 0.2,
      "is_retreat": false
    },
    {
      "start_frame": 29,
      "end_frame": 56,
      "start_time": 1.9333333333333333,
      "end_time": 3.7333333333333334,
      "duration": 1.8,
      "is_retreat": true
    }
  ],
  "blade_analysis": null,
  "blade_details": null,
  "speed_comparison": null,
  "lunge_detected": {
    "left": [
      {
        "start_frame": 39,
        "end_frame": 44,
        "start_time": 2.6,
        "end_time": 2.933333333333333
      }
    ],
    "right": [
      {
        "start_frame": 26,
        "end_frame": 31,
        "start_time": 1.7333333333333334,
        "end_time": 2.066666666666667
      }
    ],
    "latest": {
      "side": "left",
      "start_frame": 39,
      "end_frame": 44,
      "start_time": 2.6,
      "end_time": 2.933333333333333
    }
  },
  "left_arm_extensions": [
    {
      "start_frame": 47,
      "end_frame": 54,
      "start_time": 3.1333333333333333,
      "end_time": 3.6,
      "duration": 0.4666666666666667,
      "avg_distance": 0.7880703130814335,
      "avg_angle": 151.0793753168835,
      "effective_start_frame": 47,
      "effective_start_time": 3.1333333333333333,
      "near_hit": true
    }
  ],
  "right_arm_extensions": [
    {
      "start_frame": 55,
      "end_frame": 55,
      "start_time": 3.6666666666666665,
      "end_time": 3.6666666666666665,
      "duration": 0.0,
      "avg_distance": 0.5562592255123726,
      "avg_angle": 159.64764912293413,
      "effective_start_frame": 55,
      "effective_start_time": 3.6666666666666665,
      "near_hit": true
    }
  ]
}