{
  "normalisation_constant": 160.1049041748047,
  "video_angle": "middle",
  "winner": "right",
  "reason": "Right has right-of-way (pause at 7.13s vs pause at 7.60s)",
  "left_pauses": [
    {
      "start_frame": 29,
      "end_frame": 93,
      "start_time": 1.9333333333333333,
      "end_time": 6.2,
      "duration": 4.266666666666667,
      "is_retreat": true
    },
    {
      "start_frame": 95,
      "end_frame": 114,
      "start_time": 6.333333333333333,
      "end_time": 7.6,
      "duration": 1.2666666666666666,
      "is_retreat": false
    }
  ],
  "right_pauses": [
    {
      "start_frame": 12,
      "end_frame": 19,
      "start_time": 0.8,
      "end_time": 1.2666666666666666,
      "duration": 0.4666666666666667,
      "is_retreat": false
    },
    {
      "start_frame": 103,
      "end_frame": 107,
      "start_time": 6.866666666666666,
      "end_time": 7.133333333333334,
      "duration": 0.26666666666666666,
      "is_retreat": false
    }
  ],
  "blade_analysis": null,
  "blade_details": null,
  "speed_comparison": null,
  "lunge_detected": {
    "left": [],
    "right": [
      {
        "start_frame": 33,
        "end_frame": 36,
        "start_time": 2.2,
        "end_time": 2.4
      },
      {
        "start_frame": 43,
        "end_frame": 45,
        "start_time": 2.8666666666666667,
        "end_time": 3.0
      }
    ],
    "latest": {
      "side": "right",
      "start_frame": 43,
      "end_frame": 45,
      "start_time": 2.8666666666666667,
      "end_time": 3.0
    }
  },
  "left_arm_extensions": [
    {
      "start_frame": 113,
      "end_frame": 114,
      "start_time": 7.533333333333333,
      "end_time": 7.6,
      "duration": 0.06666666666666667,
      "avg_distance": 0.6845719181884228,
      "avg_angle": 158.23590106075858,
      "effective_start_frame": 113,
      "effective_start_time": 7.533333333333333,
      "near_hit": true
    }
  ],
  "right_arm_extensions": []
}