{
  "status": "success",
  "processing_time_seconds": 5.3154,
  "phrase": {
    "start_time": 0.0,
    "start_frame": 0,
    "simultaneous_hit_time": 2.762,
    "simultaneous_hit_frame": 41,
    "blade_contacts": [],
    "lockout_start": 2.828,
    "declared_winner": null,
    "fps": 15.0
  },
  "artifacts": {
    "original_video": "processed_phrases/20251105_183952_phrase06_20251106T003959Z/20251105_183952_phrase06_compressed.mp4",
    "corrected_video": "processed_phrases/20251105_183952_phrase06_20251106T003959Z/20251105_183952_phrase06_compressed_corrected.mp4",
    "analysis_video": "processed_phrases/20251105_183952_phrase06_20251106T003959Z/20251105_183952_phrase06_compressed_corrected.mp4",
    "excel": "processed_phrases/20251105_183952_phrase06_20251106T003959Z/20251105_183952_phrase06_compressed_corrected_keypoints.xlsx",
    "overlay_video": "processed_phrases/20251105_183952_phrase06_20251106T003959Z/20251105_183952_phrase06_compressed_corrected_overlay.mp4",
    "video": "processed_phrases/20251105_183952_phrase06_20251106T003959Z/20251105_183952_phrase06_compressed_corrected.mp4",
    "signal": "processed_phrases/20251105_183952_phrase06_20251106T003959Z/20251105_183952_phrase06.txt",
    "result_json": "processed_phrases/20251105_183952_phrase06_20251106T003959Z/analysis_result.json"
  },
  "inputs": {
    "video": "processed_phrases/20251105_183952_phrase06_20251106T003959Z/20251105_183952_phrase06_compressed_corrected.mp4",
    "signal": "processed_phrases/20251105_183952_phrase06_20251106T003959Z/20251105_183952_phrase06.txt"
  },
  "winner": "left",
  "reason": "Left has right-of-way (pause ended at 2.27s vs 3.00s)",
  "video_angle": "right",
  "frames_analyzed": 46,
  "normalisation_constant": 151.17556762695312,
  "left_pauses": [
    {
      "start_frame": 1,
      "end_frame": 8,
      "start_time": 0.06666666666666667,
      "end_time": 0.5333333333333333,
      "duration": 0.4666666666666667
    },
    {
      "start_frame": 27,
      "end_frame": 34,
      "start_time": 1.8,
      "end_time": 2.2666666666666666,
      "duration": 0.4666666666666667
    }
  ],
  "right_pauses": [
    {
      "start_frame": 1,
      "end_frame": 5,
      "start_time": 0.06666666666666667,
      "end_time": 0.3333333333333333,
      "duration": 0.26666666666666666
    },
    {
      "start_frame": 22,
      "end_frame": 29,
      "start_time": 1.4666666666666666,
      "end_time": 1.9333333333333333,
      "duration": 0.4666666666666667
    },
    {
      "start_frame": 42,
      "end_frame": 45,
      "start_time": 2.8,
      "end_time": 3.0,
      "duration": 0.2
    }
  ],
  "blade_analysis": null,
  "blade_details": null,
  "speed_comparison": null,
  "natural_language_reason": "The right fencer initiated an attack during a period of inaction, thus holding right-of-way.",
  "lunge_detected": {
    "left": false,
    "right": false
  },
  "artifact_dir": "processed_phrases/20251105_183952_phrase06_20251106T003959Z",
  "wall_time_seconds": 7.2669,
  "left_arm_extensions": [],
  "right_arm_extensions": []
}