{
  "status": "success",
  "processing_time_seconds": 6.435,
  "phrase": {
    "start_time": 0.0,
    "start_frame": 0,
    "simultaneous_hit_time": 7.315,
    "simultaneous_hit_frame": 109,
    "blade_contacts": [],
    "lockout_start": 7.184,
    "declared_winner": null,
    "fps": 15.0
  },
  "artifacts": {
    "original_video": "processed_phrases/20251111_213430_phrase42_20251121T064046Z/20251111_213430_phrase42_compressed.mp4",
    "corrected_video": "processed_phrases/20251111_213430_phrase42_20251121T064046Z/20251111_213430_phrase42_compressed_corrected.mp4",
    "analysis_video": "processed_phrases/20251111_213430_phrase42_20251121T064046Z/20251111_213430_phrase42_compressed_corrected.mp4",
    "excel": "processed_phrases/20251111_213430_phrase42_20251121T064046Z/20251111_213430_phrase42_compressed_corrected_keypoints.xlsx",
    "overlay_video": "processed_phrases/20251111_213430_phrase42_20251121T064046Z/20251111_213430_phrase42_compressed_corrected_overlay.mp4",
    "video": "processed_phrases/20251111_213430_phrase42_20251121T064046Z/20251111_213430_phrase42_compressed_corrected.mp4",
    "signal": "processed_phrases/20251111_213430_phrase42_20251121T064046Z/20251111_213430_phrase42.txt",
    "result_json": "processed_phrases/20251111_213430_phrase42_20251121T064046Z/analysis_result.json"
  },
  "inputs": {
    "video": "processed_phrases/20251111_213430_phrase42_20251121T064046Z/20251111_213430_phrase42_compressed_corrected.mp4",
    "signal": "processed_phrases/20251111_213430_phrase42_20251121T064046Z/20251111_213430_phrase42.txt"
  },
  "winner": "right",
  "reason": "Right has right-of-way (pause ended at 5.20s vs 7.40s)",
  "video_angle": "middle",
  "frames_analyzed": 112,
  "normalisation_constant": 159.84027099609375,
  "left_pauses": [
    {
      "start_frame": 16,
      "end_frame": 24,
      "start_time": 1.0666666666666667,
      "end_time": 1.6,
      "duration": 0.5333333333333333
    },
    {
      "start_frame": 70,
      "end_frame": 96,
      "start_time": 4.666666666666667,
      "end_time": 6.4,
      "duration": 1.7333333333333334
    },
    {
      "start_frame": 98,
      "end_frame": 111,
      "start_time": 6.533333333333333,
      "end_time": 7.4,
      "duration": 0.8666666666666667
    }
  ],
  "right_pauses": [
    {
      "start_frame": 13,
      "end_frame": 34,
      "start_time": 0.8666666666666667,
      "end_time": 2.2666666666666666,
      "duration": 1.4
    },
    {
      "start_frame": 36,
      "end_frame": 42,
      "start_time": 2.4,
      "end_time": 2.8,
      "duration": 0.4
    },
    {
      "start_frame": 44,
      "end_frame": 78,
      "start_time": 2.933333333333333,
      "end_time": 5.2,
      "duration": 2.2666666666666666
    }
  ],
  "blade_analysis": null,
  "blade_details": null,
  "speed_comparison": null,
  "natural_language_reason": "The fencer on the right maintained the offensive initiative by continuing their attack after a period of engagement, while the fencer on the left paused.",
  "lunge_detected": {
    "left": false,
    "right": false
  },
  "artifact_dir": "processed_phrases/20251111_213430_phrase42_20251121T064046Z",
  "wall_time_seconds": 8.3666,
  "left_arm_extensions": [],
  "right_arm_extensions": []
}