{
  "normalisation_constant": 49.241790771484375,
  "video_angle": "left",
  "winner": "left",
  "reason": "Left has right-of-way (only right paused at 0.07s)",
  "left_pauses": [],
  "right_pauses": [
    {
      "start_frame": 1,
      "end_frame": 33,
      "start_time": 0.06666666666666667,
      "end_time": 2.2,
      "duration": 2.1333333333333333
    }
  ],
  "blade_analysis": "none",
  "blade_details": {},
  "speed_comparison": {
    "left_speed": 0.11739879396218603,
    "right_speed": 0.12903574885741328,
    "left_accel": 0.08140608480531245,
    "right_accel": 0.12920299622976214
  },
  "lunge_detected": {
    "left": false,
    "right": false
  }
}