{
  "normalisation_constant": 152.9304962158203,
  "video_angle": "left",
  "winner": "right",
  "reason": "Right has right-of-way (only left paused at 0.07s)",
  "left_pauses": [
    {
      "start_frame": 1,
      "end_frame": 5,
      "start_time": 0.06666666666666667,
      "end_time": 0.3333333333333333,
      "duration": 0.26666666666666666
    },
    {
      "start_frame": 29,
      "end_frame": 43,
      "start_time": 1.9333333333333333,
      "end_time": 2.8666666666666667,
      "duration": 0.9333333333333333
    }
  ],
  "right_pauses": [],
  "blade_analysis": "right",
  "blade_details": {
    "analysis_window": "frames 6-17",
    "contact_frame": 14,
    "left_variance_x": 0.015455899077170042,
    "left_variance_y": 0.012481199912163071,
    "left_variance_total": 0.027937098989333112,
    "right_variance_x": 0.07669094253049166,
    "right_variance_y": 0.07228869805561756,
    "right_variance_total": 0.14897964058610924,
    "samples_left": 12,
    "samples_right": 12,
    "current_right_of_way": "right"
  },
  "speed_comparison": {
    "left_speed": 0.08701610202977401,
    "right_speed": 0.07058803820540277,
    "left_accel": 0.0493011720172629,
    "right_accel": 0.0607547396683719
  },
  "lunge_detected": {
    "left": true,
    "right": true
  }
}