{
  "normalisation_constant": 183.28341674804688,
  "video_angle": "right",
  "winner": "right",
  "reason": "Right has right-of-way (pause at 1.87s vs pause at 2.80s)",
  "left_pauses": [
    {
      "start_frame": 14,
      "end_frame": 18,
      "start_time": 0.9333333333333333,
      "end_time": 1.2,
      "duration": 0.26666666666666666,
      "is_retreat": false
    },
    {
      "start_frame": 30,
      "end_frame": 42,
      "start_time": 2.0,
      "end_time": 2.8,
      "duration": 0.8,
      "is_retreat": false
    }
  ],
  "right_pauses": [
    {
      "start_frame": 5,
      "end_frame": 11,
      "start_time": 0.3333333333333333,
      "end_time": 0.7333333333333333,
      "duration": 0.4,
      "is_retreat": false
    },
    {
      "start_frame": 25,
      "end_frame": 28,
      "start_time": 1.6666666666666667,
      "end_time": 1.8666666666666667,
      "duration": 0.2,
      "is_retreat": false
    }
  ],
  "blade_analysis": null,
  "blade_details": null,
  "speed_comparison": null,
  "lunge_detected": {
    "left": [],
    "right": [],
    "latest": null
  },
  "left_arm_extensions": [
    {
      "start_frame": 37,
      "end_frame": 41,
      "start_time": 2.466666666666667,
      "end_time": 2.7333333333333334,
      "duration": 0.26666666666666666,
      "avg_distance": 0.7653715756111693,
      "avg_angle": 142.4754232621029,
      "effective_start_frame": 38,
      "effective_start_time": 2.533333333333333,
      "near_hit": true
    }
  ],
  "right_arm_extensions": [
    {
      "start_frame": 40,
      "end_frame": 41,
      "start_time": 2.6666666666666665,
      "end_time": 2.7333333333333334,
      "duration": 0.06666666666666667,
      "avg_distance": 0.5664302134461431,
      "avg_angle": 165.13871115586176,
      "effective_start_frame": 40,
      "effective_start_time": 2.6666666666666665,
      "near_hit": true
    }
  ]
}