{
  "normalisation_constant": 162.43618774414062,
  "video_angle": "middle",
  "winner": "right",
  "reason": "Right has right-of-way (pause by left at 2.67s)",
  "left_pauses": [
    {
      "start_frame": 21,
      "end_frame": 26,
      "start_time": 1.4,
      "end_time": 1.7333333333333334,
      "duration": 0.3333333333333333,
      "is_retreat": false
    },
    {
      "start_frame": 32,
      "end_frame": 40,
      "start_time": 2.1333333333333333,
      "end_time": 2.6666666666666665,
      "duration": 0.5333333333333333,
      "is_retreat": false
    }
  ],
  "right_pauses": [],
  "blade_analysis": null,
  "blade_details": null,
  "speed_comparison": null,
  "lunge_detected": {
    "left": [],
    "right": [
      {
        "start_frame": 28,
        "end_frame": 31,
        "start_time": 1.8666666666666667,
        "end_time": 2.066666666666667
      }
    ],
    "latest": {
      "side": "right",
      "start_frame": 28,
      "end_frame": 31,
      "start_time": 1.8666666666666667,
      "end_time": 2.066666666666667
    }
  },
  "left_arm_extensions": [
    {
      "start_frame": 7,
      "end_frame": 7,
      "start_time": 0.4666666666666667,
      "end_time": 0.4666666666666667,
      "duration": 0.0,
      "avg_distance": 0.8693337844137663,
      "avg_angle": 159.4328257272065,
      "effective_start_frame": 7,
      "effective_start_time": 0.4666666666666667,
      "near_hit": false
    }
  ],
  "right_arm_extensions": [
    {
      "start_frame": 39,
      "end_frame": 40,
      "start_time": 2.6,
      "end_time": 2.6666666666666665,
      "duration": 0.06666666666666667,
      "avg_distance": 0.5670331174357808,
      "avg_angle": 176.3043376603352,
      "effective_start_frame": 39,
      "effective_start_time": 2.6,
      "near_hit": true
    }
  ]
}