{
  "status": "success",
  "processing_time_seconds": 4.4891,
  "phrase": {
    "start_time": 0.0,
    "start_frame": 0,
    "simultaneous_hit_time": 4.066,
    "simultaneous_hit_frame": 60,
    "blade_contacts": [],
    "lockout_start": 3.936,
    "declared_winner": null,
    "fps": 15.0
  },
  "artifacts": {
    "original_video": "processed_phrases/20251106_204625_phrase33_20251121T062203Z/20251106_204625_phrase33_compressed.mp4",
    "corrected_video": "processed_phrases/20251106_204625_phrase33_20251121T062203Z/20251106_204625_phrase33_compressed_corrected.mp4",
    "analysis_video": "processed_phrases/20251106_204625_phrase33_20251121T062203Z/20251106_204625_phrase33_compressed_corrected.mp4",
    "excel": "processed_phrases/20251106_204625_phrase33_20251121T062203Z/20251106_204625_phrase33_compressed_corrected_keypoints.xlsx",
    "overlay_video": "processed_phrases/20251106_204625_phrase33_20251121T062203Z/20251106_204625_phrase33_compressed_corrected_overlay.mp4",
    "video": "processed_phrases/20251106_204625_phrase33_20251121T062203Z/20251106_204625_phrase33_compressed_corrected.mp4",
    "signal": "processed_phrases/20251106_204625_phrase33_20251121T062203Z/20251106_204625_phrase33.txt",
    "result_json": "processed_phrases/20251106_204625_phrase33_20251121T062203Z/analysis_result.json"
  },
  "inputs": {
    "video": "processed_phrases/20251106_204625_phrase33_20251121T062203Z/20251106_204625_phrase33_compressed_corrected.mp4",
    "signal": "processed_phrases/20251106_204625_phrase33_20251121T062203Z/20251106_204625_phrase33.txt"
  },
  "winner": "right",
  "reason": "Right has right-of-way (pause ended at 3.40s vs 4.07s)",
  "video_angle": "middle",
  "frames_analyzed": 66,
  "normalisation_constant": 171.56985473632812,
  "left_pauses": [
    {
      "start_frame": 20,
      "end_frame": 23,
      "start_time": 1.3333333333333333,
      "end_time": 1.5333333333333334,
      "duration": 0.2
    },
    {
      "start_frame": 25,
      "end_frame": 61,
      "start_time": 1.6666666666666667,
      "end_time": 4.066666666666666,
      "duration": 2.4
    }
  ],
  "right_pauses": [
    {
      "start_frame": 40,
      "end_frame": 43,
      "start_time": 2.6666666666666665,
      "end_time": 2.8666666666666667,
      "duration": 0.2
    },
    {
      "start_frame": 45,
      "end_frame": 51,
      "start_time": 3.0,
      "end_time": 3.4,
      "duration": 0.4
    }
  ],
  "blade_analysis": null,
  "blade_details": null,
  "speed_comparison": null,
  "natural_language_reason": "The fencer on the right initiated their attack after the action had resumed, thereby holding right-of-way.",
  "lunge_detected": {
    "left": false,
    "right": false
  },
  "artifact_dir": "processed_phrases/20251106_204625_phrase33_20251121T062203Z",
  "wall_time_seconds": 5.7837,
  "left_arm_extensions": [],
  "right_arm_extensions": []
}