{
  "normalisation_constant": 166.45510864257812,
  "video_angle": "middle",
  "winner": "left",
  "reason": "Right has right-of-way (pause by left at 1.93s). Logistic momentum favored left despite pause context",
  "left_pauses": [
    {
      "start_frame": 23,
      "end_frame": 29,
      "start_time": 1.5333333333333334,
      "end_time": 1.9333333333333333,
      "duration": 0.4,
      "is_retreat": false
    }
  ],
  "right_pauses": [],
  "blade_analysis": "Blade contact at 1.05s - logistic momentum vote (p_left=0.93)",
  "blade_details": {
    "contact_frame": 15,
    "left_features": {
      "front_now": 3.99377090169938,
      "front_progress": 0.5468859366958903,
      "front_velocity": 0.8969665046629371,
      "back_now": 3.544409734451134,
      "back_progress": 0.9211695656406635,
      "back_velocity": 1.7460652416278177,
      "front_knee_now": 4.029389111654973,
      "front_knee_progress": 0.7364763976832651,
      "front_knee_velocity": 0.9290021030723572,
      "front_wrist_now": 3.997757040598958,
      "front_wrist_progress": 0.6435330295663992,
      "front_wrist_velocity": 1.1312149583428044,
      "stance_now": 0.44936116724824604,
      "stance_progress": -0.3742836289447733,
      "com_progress": 0.7577356615327697,
      "com_velocity": 0.7707883505448132,
      "front_height_change": 0.03469638554261012,
      "weapon_lead": 0.003986138899577885,
      "weapon_lead_progress": 0.09664709287050899,
      "weapon_vs_com": 0.32365836321898556,
      "attack_start_frame": 6,
      "attack_lead_time": 0.6,
      "attack_progress_rate": 0.060765104077321136,
      "front_velocity_mean_window": 0.42050813645714724,
      "front_velocity_peak_window": 1.2570527909480878
    },
    "right_features": {
      "front_now": 6.927481862811334,
      "front_progress": 0.4026614104830202,
      "front_velocity": 0.20277937027364912,
      "back_now": 7.286117027332607,
      "back_progress": 0.6806950937417335,
      "back_velocity": 2.3887187612351934,
      "front_knee_now": 6.836573988601131,
      "front_knee_progress": 0.6162682941719906,
      "front_knee_velocity": 0.8514500492354715,
      "front_wrist_now": 6.640077984731962,
      "front_wrist_progress": 0.6343400127713386,
      "front_wrist_velocity": 0.2735717450917141,
      "stance_now": -0.35863516452127353,
      "stance_progress": -0.27803368325871336,
      "com_progress": 0.6356267168475513,
      "com_velocity": 0.6019868176175547,
      "front_height_change": 0.011943309631983201,
      "weapon_lead": 0.2874038780793713,
      "weapon_lead_progress": 0.23167860228831838,
      "weapon_vs_com": 0.4849709436471574,
      "attack_start_frame": 4,
      "attack_lead_time": 0.7333333333333333,
      "attack_progress_rate": 0.03660558277118365,
      "front_velocity_mean_window": 0.12172189026806059,
      "front_velocity_peak_window": 0.3926993999891204
    },
    "logistic_available": true,
    "rationale": "logistic momentum vote (p_left=0.93)"
  },
  "speed_comparison": null,
  "lunge_detected": {
    "left": [],
    "right": [],
    "latest": null
  },
  "left_arm_extensions": [],
  "right_arm_extensions": [
    {
      "start_frame": 23,
      "end_frame": 27,
      "start_time": 1.5333333333333334,
      "end_time": 1.8,
      "duration": 0.26666666666666666,
      "avg_distance": 0.7850956976204968,
      "avg_angle": 159.48901066168258,
      "effective_start_frame": 23,
      "effective_start_time": 1.5333333333333334,
      "near_hit": true
    }
  ]
}